{"cameraMode":{"drawMode":0,"name":"Shaded","section":"Shading Mode"},"sceneLighting":false,"audioPlay":false,"sceneViewState":{"m_AlwaysRefresh":false,"showFog":true,"showSkybox":false,"showFlares":true,"showImageEffects":true,"showParticleSystems":true,"showVisualEffectGraphs":true,"m_FxEnabled":true},"in2DMode":false,"pivot":{"x":54.74363708496094,"y":166.1075439453125,"z":-333.06158447265627},"rotation":{"x":0.20248305797576905,"y":-0.2196425199508667,"z":0.047085389494895938,"w":0.9531829953193665},"size":12.729035377502442,"orthographic":false}