{"cameraMode":{"drawMode":0,"name":"Shaded","section":"Shading Mode"},"sceneLighting":true,"audioPlay":false,"sceneViewState":{"m_AlwaysRefresh":false,"showFog":true,"showSkybox":true,"showFlares":true,"showImageEffects":true,"showParticleSystems":true,"showVisualEffectGraphs":true,"m_FxEnabled":true},"in2DMode":false,"pivot":{"x":0.7589235305786133,"y":1.1269962787628174,"z":-5.904348373413086},"rotation":{"x":0.04998110234737396,"y":0.9496601223945618,"z":-0.19510528445243836,"w":0.2416452020406723},"size":3.1038668155670168,"orthographic":false}