{"cameraMode":{"drawMode":0,"name":"Shaded","section":"Shading Mode"},"sceneLighting":true,"audioPlay":false,"sceneViewState":{"m_AlwaysRefresh":false,"showFog":true,"showSkybox":true,"showFlares":true,"showImageEffects":true,"showParticleSystems":true,"showVisualEffectGraphs":true,"m_FxEnabled":true},"in2DMode":false,"pivot":{"x":-21.515201568603517,"y":-176.98158264160157,"z":-328.7852783203125},"rotation":{"x":0.02619982324540615,"y":-0.9606047868728638,"z":0.2590409219264984,"w":0.09715285152196884},"size":212.56625366210938,"orthographic":false}