{"cameraMode":{"drawMode":0,"name":"Shaded","section":"Shading Mode"},"sceneLighting":true,"audioPlay":false,"sceneViewState":{"m_AlwaysRefresh":false,"showFog":true,"showSkybox":true,"showFlares":true,"showImageEffects":true,"showParticleSystems":true,"showVisualEffectGraphs":true,"m_FxEnabled":true},"in2DMode":false,"pivot":{"x":292.17449951171877,"y":-163.55628967285157,"z":327.30438232421877},"rotation":{"x":0.1895674765110016,"y":0.33842602372169497,"z":-0.06979048997163773,"w":0.9190831184387207},"size":232.4641571044922,"orthographic":false}