{"cameraMode":{"drawMode":0,"name":"Shaded","section":"Shading Mode"},"sceneLighting":true,"audioPlay":false,"sceneViewState":{"m_AlwaysRefresh":false,"showFog":true,"showSkybox":true,"showFlares":true,"showImageEffects":true,"showParticleSystems":true,"showVisualEffectGraphs":true,"m_FxEnabled":true},"in2DMode":false,"pivot":{"x":-0.5947189331054688,"y":0.40940073132514956,"z":-17.153892517089845},"rotation":{"x":-0.009312277659773827,"y":-0.9720017313957214,"z":0.231702983379364,"w":-0.03910651057958603},"size":14.270520210266114,"orthographic":false}