{"cameraMode":{"drawMode":0,"name":"Shaded","section":"Shading Mode"},"sceneLighting":false,"audioPlay":false,"sceneViewState":{"m_AlwaysRefresh":false,"showFog":true,"showSkybox":false,"showFlares":true,"showImageEffects":true,"showParticleSystems":true,"showVisualEffectGraphs":true,"m_FxEnabled":true},"in2DMode":false,"pivot":{"x":-1.0440610647201539,"y":-0.5305581092834473,"z":-1.2327921390533448},"rotation":{"x":0.028302542865276338,"y":-0.9674468636512756,"z":0.21930554509162904,"w":0.1251317411661148},"size":1.3162060976028443,"orthographic":false}